{
    "h1": {
        "inf": [
            1.11626,
            1.115975,
            1.115035
        ],
        "sup": [
            1.116805,
            1.11679,
            1.11658
        ]
    },
    "h4": {
        "inf": 1.11463,
        "sup": 1.120315
    },
    "firstis": false
}